N;Container capacities;Available containers;Number of periods;Alpha;Returnable?;Initial inventory;;;;;;;;
1000;[210,1320,1760,1920];[10500,499,79000,55000];14;0.01;[True,True,False,False];[1,1,0,1],[0,0,1,1],[0,0,0,1],[0,0,1,1][1,0,0,1][0,0,1,0][1,0,1,1][0,0,0,1][0,1,0,0][0,0,1,0][0,1,0,0][1,0,0,0][1,2,1,0][0,0,1,0][0,1,0,0][0,0,1,2][0,0,1,0][0,1,0,0][1,1,1,1][0,0,0,1][0,1,0,0][0,1,1,0][1,0,0,0][1,0,0,0][0,1,0,1][0,0,0,1][1,1,0,0][1,1,0,1][1,0,0,0][1,0,0,0][2,2,0,1][0,0,1,0][0,1,0,0][1,3,1,1][0,0,0,1][0,1,0,0][0,0,0,2][0,0,1,0][0,1,0,0][2,0,1,1][0,0,1,0][0,0,1,0][0,1,0,1][3,0,0,1][0,0,1,0][2,1,1,0][0,0,0,1][0,1,0,0][0,2,1,0][0,0,1,0][0,0,1,0][3,1,3,0][0,0,1,0][1,0,0,0][4,1,2,0][0,1,0,0][0,0,1,0][0,0,2,2][0,0,0,1][0,0,1,0][0,0,1,0][2,0,0,1][0,0,1,0][1,1,0,1][0,0,0,1][1,0,0,0][3,2,0,1][0,1,0,0][0,0,0,1][1,0,0,2][0,0,1,0][0,0,1,0][1,0,0,2][0,0,1,0][0,0,0,1][1,3,0,1][0,1,0,0][0,1,0,0][3,2,1,0][0,0,1,0][0,1,0,0][1,3,0,1][0,0,0,1][0,0,0,1][1,0,1,2][2,0,0,1][0,1,0,0][4,1,2,0][0,0,0,1][0,1,0,0][1,1,0,1][0,0,0,1][0,0,1,0][0,1,1,1][1,0,1,0][0,0,1,0][1,1,1,1][0,1,0,0][0,0,0,1][3,0,1,3][0,0,1,0][0,0,1,0][1,0,1,0][2,0,2,0][0,1,0,0][0,1,1,0][0,0,0,1][0,0,1,0][0,2,1,0][0,0,1,0][0,1,0,0][0,1,3,1][1,0,1,0][0,0,0,1][1,1,0,1][0,0,1,0][1,0,1,0][0,0,0,2][0,1,0,0][0,0,0,1][5,2,0,0][0,1,0,0][0,0,0,1][1,0,1,1][1,1,0,0][0,1,0,0][1,1,0,1][0,0,0,1][0,0,0,1][2,1,1,0][0,0,0,1][0,1,0,0][0,0,1,1][0,0,0,1][0,0,0,1][2,0,1,1][0,0,0,1][1,0,0,0][0,0,1,1][1,0,0,0][0,0,0,1][1,0,1,1][0,1,0,0][0,0,1,0][1,0,0,2][0,0,0,1][1,1,0,0][1,2,1,0][0,0,0,1][0,1,0,0][1,1,1,0][0,0,0,1][0,1,0,0][2,2,0,2][0,1,0,0][1,0,0,0][1,1,0,1][1,0,0,1][2,1,0,0][1,3,0,1][1,1,0,0][0,1,0,0][1,1,1,0][0,0,1,0][1,0,1,0][0,1,1,1][0,1,0,0][0,0,1,0][1,0,1,1][0,0,0,1][0,0,0,1][1,1,1,0][0,0,1,0][0,0,1,0][0,2,0,0][0,0,0,1][1,1,0,0][0,0,1,2][0,0,1,0][0,0,0,1][0,1,1,1][0,1,0,0][0,0,0,1][1,0,0,2][2,0,1,0][1,0,0,0][2,1,1,0][1,0,1,0][0,0,1,0][0,1,0,0][0,0,0,1][1,0,0,0][0,1,3,0][0,0,1,0][0,0,1,0][1,2,1,0][0,0,1,0][0,1,0,0][0,1,0,1][1,2,0,0][0,1,0,0][2,0,2,0][0,0,1,0][0,0,1,0][0,1,0,1][1,0,1,0][0,0,0,1][0,0,1,0][0,0,0,1][0,0,0,1][1,0,1,1][0,1,0,0][0,1,0,0][1,0,0,1][0,0,0,1][0,1,0,0][0,1,0,2][0,1,0,0][1,0,1,0][0,1,1,2][0,0,1,0][0,1,0,0][0,0,0,1][0,1,1,0][0,1,0,0][1,0,0,1][0,1,0,0][1,0,0,0][0,0,1,1][0,1,0,0][0,0,1,0][0,1,0,1][1,0,1,0][0,0,1,0][0,0,2,0][0,0,1,0][0,0,0,1][1,0,2,1][0,0,0,1][1,0,0,1][3,1,0,1][0,0,1,2][0,0,1,0][0,1,2,1][0,0,1,0][0,0,0,1][0,0,1,1][0,0,1,0][0,0,1,0][1,0,2,0][0,1,0,0][0,0,1,0][1,0,0,2][0,0,1,0][1,0,0,1][1,2,1,0][0,0,1,0][0,1,0,0][0,1,1,0][0,1,0,0][0,0,1,0][1,0,1,1][1,0,0,1][0,0,0,1][3,1,0,1][0,1,0,0][3,0,0,0][1,1,0,1][0,0,1,0][0,1,0,0][0,0,3,0][1,1,0,0][1,1,0,0][1,1,0,1][0,0,0,1][0,0,1,0][0,0,1,0][0,0,1,0][2,0,0,0][0,0,0,2][0,1,0,0][0,0,1,0][0,0,1,1][0,1,0,0][0,0,0,1][1,0,2,0][0,0,1,0][1,0,0,0][3,1,1,1][0,0,0,1][1,0,1,0][0,1,2,0][0,0,0,1][0,0,1,0][1,0,1,1][0,0,1,0][0,0,0,1][2,0,1,2][3,0,0,0][1,0,0,1][0,1,0,0][0,1,0,0][0,1,0,0][0,0,1,0][0,1,0,0][0,0,0,1][0,2,1,1][0,0,0,1][0,1,0,0][0,2,0,1][0,0,1,0][1,0,0,0][0,0,0,1][0,0,1,0][0,0,0,1][0,1,0,2][0,0,0,1][0,1,0,0][0,0,2,0][0,0,2,0][2,0,0,1][2,1,1,0][0,0,0,1][1,0,0,0][0,0,1,0][1,1,0,0][0,0,0,1][1,1,0,1][0,0,0,1][0,0,0,1][1,1,0,1][0,0,0,1][0,1,0,0][1,2,1,0][0,0,0,1][1,0,0,0][0,2,1,0][0,0,0,1][0,1,0,0][0,1,0,3][0,0,1,0][0,0,0,1][0,0,1,1][1,2,0,1][0,0,1,0][1,0,1,2][0,0,1,0][1,0,0,0][1,1,1,0][0,1,0,0][2,0,0,0][2,3,0,0][1,0,1,0][1,0,0,0][0,1,2,0][0,1,0,0][0,0,1,0][0,1,0,1][0,0,0,1][1,0,0,0][2,2,1,0][0,0,1,0][0,0,0,1][0,0,1,2][0,0,0,1][1,0,0,0][0,0,0,2][0,0,1,0][1,0,1,0][3,0,3,0][0,0,1,0][0,0,0,1][1,2,0,1][0,0,0,1][0,0,1,0][0,1,1,1][0,0,0,1][0,0,0,1][3,0,1,0][0,0,0,1][0,0,1,0][0,0,0,2][1,1,0,0][1,0,0,0][0,1,1,0][0,1,0,0][1,1,0,0][0,0,0,1][0,0,0,1][0,1,0,0][0,0,2,0][0,0,0,1][1,1,0,0][1,1,0,2][0,0,0,1][1,0,0,0][1,1,1,1][0,0,0,1][0,0,1,0][2,0,1,1][2,0,0,0][0,1,0,0][2,2,1,0][2,0,0,2][2,1,0,0][0,2,0,0][0,0,0,1][0,1,0,0][0,2,0,2][0,0,1,0][2,0,1,0][0,0,2,1][0,0,0,1][0,1,0,0][1,0,0,1][2,0,1,0][0,0,1,0][1,1,0,1][0,0,1,0][1,0,1,0][2,0,1,1][1,1,0,0][0,0,1,0][1,0,0,2][0,0,0,1][1,0,0,0][1,2,1,0][0,0,0,1][0,0,0,1][1,1,1,2][1,0,0,0][1,0,0,0][1,0,0,2][2,0,0,0][0,0,1,0][1,0,2,1][0,0,1,0][0,0,1,0][1,1,0,1][1,2,0,0][0,0,0,1][0,1,1,0][0,0,1,0][1,0,0,0][1,0,2,0][0,2,0,0][0,0,1,0][2,2,1,0][0,0,1,0][0,0,0,1][1,0,0,2][0,1,0,0][0,1,0,0][2,0,2,1][1,0,0,0][0,0,0,1][0,1,0,1][1,0,0,0][0,1,0,0][2,0,0,2][0,0,0,1][1,1,0,0][1,2,1,0][1,1,0,1][0,0,1,0][3,1,0,1][0,0,0,1][0,0,0,1][2,1,0,1][2,0,0,1][0,1,0,0][1,1,1,1][0,1,0,0][0,0,1,0][2,0,1,1][0,1,0,0][0,0,1,0][2,1,0,2][1,0,1,0][0,0,0,1][0,0,2,0][0,0,1,0][0,0,1,0][1,1,0,1][0,1,0,0][0,1,0,0][0,1,1,1][0,1,0,0][2,0,0,1][0,1,2,1][1,1,0,0][1,0,0,0][1,2,1,1][1,0,0,1][1,1,0,0][3,1,2,1][0,1,0,0][1,0,0,0][0,0,1,1][0,1,0,0][0,1,0,0][0,1,0,2][0,0,1,0][0,0,1,0][0,0,1,0][0,1,0,0][0,0,0,1][0,1,0,2][0,0,1,0][0,0,1,0][2,0,1,1][0,0,1,0][0,0,0,1][2,2,0,0][0,1,0,0][0,0,0,1][4,1,1,0][0,0,1,1][0,0,0,1][4,2,1,0][0,1,0,0][0,1,0,0][1,0,1,1][0,0,0,1][1,0,0,1][1,2,1,2][0,0,0,1][0,0,1,0][0,0,1,1][1,0,0,1][0,0,1,0][1,0,1,1][2,0,0,0][1,0,0,0][0,1,0,0][2,1,0,0][0,1,0,0][2,1,2,1][1,1,0,0][0,0,1,0][2,0,1,0][0,0,0,1][0,0,0,1][0,2,0,0][0,0,1,0][0,0,0,1][1,2,1,0][1,1,0,1][0,1,0,0][1,2,0,0][1,1,0,0][0,0,0,1][0,1,2,0][0,2,0,0][0,0,1,0][1,1,1,1][3,0,0,0][1,0,0,0][0,3,0,0][0,0,0,1][0,1,0,0][2,2,1,0][0,0,0,1][0,1,0,0][1,0,1,1][1,1,0,1][0,1,0,0][0,0,1,0][0,0,1,0][0,0,0,1][0,1,0,1][0,0,1,0][0,1,0,0][0,2,0,2][0,0,1,0][1,0,0,0][2,0,1,1][0,0,0,1][1,0,1,0][0,0,1,2][0,1,0,0][0,0,1,0][0,0,0,2][0,0,1,0][0,1,0,0][0,0,1,1][0,0,1,0][1,0,0,0][2,0,0,1][0,1,0,0][0,1,0,0][0,2,1,1][0,1,0,0][0,0,1,0][0,1,0,1][0,0,0,1][0,0,0,1][2,0,1,1][0,1,0,0][0,0,0,1][1,1,2,0][0,1,0,0][0,1,0,0][0,2,0,1][0,0,0,1][0,0,1,0][1,0,1,1][2,1,0,1][0,0,1,0][0,0,1,2][0,1,0,0][0,0,0,1][1,1,2,0][1,0,0,1][3,0,0,0][1,2,0,1][0,0,0,1][0,0,1,0][1,3,0,0][1,1,0,0][1,1,0,0][2,1,1,1][0,0,1,0][1,0,0,0][0,2,0,1][0,0,0,1][0,0,0,1][2,1,0,2][0,1,0,0][0,0,0,1][1,1,0,1][0,1,0,0][0,1,0,0][1,1,2,0][0,0,1,0][0,0,0,1][3,0,1,0][1,0,0,1][1,1,0,0][0,1,1,0][0,0,1,0][1,0,0,0][2,0,0,2][0,0,1,0][1,0,0,1][0,0,0,1][0,0,0,1][0,0,1,0][1,1,2,0][0,1,0,0][0,1,0,0][1,2,0,0][0,0,1,0][0,1,0,0][1,2,0,1][0,0,0,2][0,0,1,0][0,1,2,0][0,1,0,0][0,0,0,1][2,2,1,0][0,0,1,0][2,0,1,0][1,3,1,0][1,0,0,0][2,0,0,0][0,1,0,1][0,1,0,0][1,1,0,0][1,2,2,0][0,0,0,1][1,0,0,0][0,0,1,1][0,0,1,0][0,1,0,0][1,0,1,1][0,0,0,1][1,0,0,0][1,1,1,1][1,0,0,1][0,0,0,1][5,2,0,1][0,0,1,0][0,0,0,1][1,0,1,1][0,1,0,0][0,0,1,0][2,0,0,2][0,0,1,0][0,1,0,0][2,1,0,0][0,0,0,1][1,0,0,1][1,3,1,0][1,1,0,0][0,1,0,0][0,1,1,1][2,0,0,0][0,0,1,0][1,1,0,1][0,1,0,0][1,0,0,0][0,0,0,2][0,0,0,1][0,1,0,0][1,1,1,0][0,0,1,0][0,0,0,1][0,1,0,1][0,1,0,0][0,1,0,0][0,0,0,2][2,0,1,0][0,0,1,0][1,1,1,0][0,0,0,1][1,1,0,0][3,1,1,0][0,0,0,1][0,1,0,0][0,0,0,1][0,0,0,1][0,0,1,0][1,0,1,2][0,0,1,0][0,0,0,1][0,0,0,3][0,0,1,0][0,0,1,0][0,0,0,1][1,0,1,0][0,0,0,1][0,0,1,2][0,1,0,0][0,0,0,1][0,1,0,2][0,0,0,1][0,1,0,0][0,1,0,1][0,1,0,0][0,1,0,0][0,4,0,1][1,0,0,0][0,1,0,0][0,1,1,1][0,1,0,0][2,0,0,0][0,1,0,2][0,0,1,0][0,0,1,0][1,0,0,2][0,0,0,1][0,0,0,1][0,0,2,0][0,0,0,1][0,0,0,1][0,0,0,1][0,0,1,1][0,0,0,1][1,2,0,1][0,1,0,0][1,0,0,0][1,1,2,0][0,1,0,0][1,1,0,0][0,2,1,1][0,1,0,0][0,1,0,0][1,1,1,0][0,0,0,1][0,0,1,0][1,1,0,1][1,0,1,0][0,1,0,0][0,2,0,1][0,0,0,1][0,0,0,1][1,0,0,2][1,1,0,0][0,1,0,0][1,1,2,0][0,0,1,0][1,1,0,0][0,0,1,2][0,0,1,0][0,0,0,1][0,0,1,2][1,1,0,1][1,1,0,0][0,1,0,1][0,0,0,1][0,1,0,0][0,0,0,1][1,0,0,1][0,1,0,0][0,1,1,0][0,1,0,0][0,1,0,0][0,0,0,2][0,0,0,1][0,1,0,0][0,2,1,2][0,1,0,0][0,0,0,1][0,1,1,1][2,0,1,0][0,1,0,0][1,1,1,1][0,1,0,0][1,0,0,0][1,1,1,0][0,0,0,1][1,0,1,0][0,1,0,1][0,0,1,0][0,0,1,0][0,0,1,2][0,1,0,0][1,0,1,0][2,1,0,0][0,1,0,0][0,0,1,0][1,2,0,1][0,1,0,0][0,0,0,1][1,0,0,2][0,1,0,0][0,1,0,0][0,1,1,1][0,1,0,0][0,1,0,0][0,1,0,2][0,0,0,1][1,0,0,0][0,1,0,1][1,1,0,1][0,1,0,0][2,0,1,2][1,0,1,0][1,0,0,0][1,0,0,2][0,1,0,0][0,1,0,0][2,1,2,0][0,0,0,1][0,0,1,0][1,0,1,0][0,0,1,0][1,0,0,1][3,0,2,0][0,0,1,0][0,0,0,1][2,0,1,1][1,0,1,0][0,1,0,0][0,1,0,1][1,0,1,0][0,0,1,0][0,1,2,0][0,0,1,0][0,0,1,0][0,3,0,2][0,0,0,1][0,0,0,1][0,0,1,0][0,1,1,0][2,1,0,0][2,2,1,1][0,0,0,1][1,0,1,0][0,2,0,1][0,1,0,1][0,0,1,0][1,1,0,2][1,1,0,0][0,0,0,1][3,2,0,0][0,1,0,0][0,0,1,0][1,1,1,0][0,0,1,0][0,0,0,1][0,1,1,0][1,0,0,1][0,0,1,0][1,1,2,0][2,0,0,0][0,0,0,1][0,0,1,1][0,0,0,1][2,0,1,0][1,2,1,1][0,0,1,0][0,1,0,0][1,3,0,0][0,0,1,1][0,1,0,0][0,0,0,3][0,0,0,1][0,1,0,0][0,0,1,0][0,0,0,1][2,0,1,0][1,3,0,2][0,0,1,0][1,0,0,0][1,1,0,2][0,0,0,1][0,0,0,1][2,1,1,0][0,0,1,0][0,0,1,0][1,2,0,0][0,0,1,0][0,0,0,1][0,1,2,0][0,1,0,0][1,0,0,0][1,0,0,2][1,1,0,1][0,0,1,0][1,1,0,0][0,0,0,1][0,1,0,0][1,0,0,1][0,0,0,1][0,0,1,0][1,1,2,0][0,1,0,0][0,0,0,1][1,0,0,2][0,0,0,1][0,1,0,0][3,1,1,1][1,0,1,0][0,0,0,1][0,1,0,1][0,0,1,0][0,0,1,0][1,2,0,1][0,1,0,0][0,0,0,1][0,1,0,2][0,0,1,0][0,0,1,0][1,1,1,0][0,0,0,1][1,0,0,0][4,0,0,1][0,0,0,1][0,1,0,0][0,1,2,1][1,1,0,0][1,0,0,0][0,0,2,0][0,0,0,1][0,0,1,0][0,0,0,1][1,0,0,0][0,0,0,1][2,0,3,0][0,0,1,0][0,0,1,0][1,2,0,1][0,0,1,0][0,0,1,0][1,3,0,0][0,0,1,0][0,0,0,1][1,0,1,1][0,1,0,0][0,1,0,0][1,2,0,0][1,2,0,0][0,0,0,1][0,2,1,0][0,0,0,1][0,0,1,0][0,0,2,0][0,0,1,0][0,1,0,0][0,0,1,0][0,0,0,1][0,0,0,1][1,1,0,0][0,2,0,0][0,0,0,1][1,0,1,1][1,0,1,0][0,0,0,1][2,1,0,1][0,0,0,1][0,1,0,0][2,0,1,2][1,0,0,0][1,0,0,0][0,1,1,1][0,1,0,0][1,0,0,1][1,0,0,2][10002,0,78555,54498];;;;;;;;
;;;;;;;;;;;;;;
Customer;Demand1;Demand2;Demand3;Demand4;Demand5;Demand6;Demand7;Demand8;Demand9;Demand10;Demand11;Demand12;Demand13;Demand14
0;2785;1142;0;1423;965;4;3318;1063;0;1030;1371;0;2417;1122
1;2142;872;0;0;665;0;100;157;171;906;335;0;866;693
2;553;303;92;143;0;7;628;104;0;154;395;3;410;0
3;2731;2275;2769;2724;0;0;6160;1368;2152;2308;0;4365;3537;3075
4;371;346;371;421;288;2;414;252;223;203;131;7;165;0
5;184;48;53;48;70;0;277;52;37;54;64;0;0;54
6;3298;1096;0;1102;1119;4;3474;1030;1059;1096;1054;7;2864;953
7;0;394;535;0;658;0;1074;653;0;0;514;0;808;0
8;486;102;132;148;200;3;409;179;248;189;115;0;547;87
9;0;1159;2814;2714;2603;8627;0;1467;3705;0;3569;9507;1956;2297
10;460;213;154;467;198;0;371;201;0;325;287;1;416;97
11;147;55;71;68;57;0;221;63;0;40;54;0;179;0
12;3820;1025;1386;1188;1295;1;2982;918;0;0;1353;0;3147;1124
13;0;0;653;0;799;0;0;37;594;1208;737;0;757;965
14;468;229;241;153;248;3;542;277;265;144;103;0;359;218
15;5278;1302;2948;2824;2582;0;2380;2051;3085;2891;1679;5393;4912;3292
16;0;285;335;0;235;0;527;224;283;396;226;3;522;207
17;179;62;58;65;0;0;229;49;55;50;55;0;129;0
18;4225;1087;1074;0;1255;9;2495;1077;1402;1245;1265;1;3253;988
19;1107;0;676;1505;338;0;1580;696;414;41;468;0;1232;0
20;486;116;145;95;412;2;391;58;116;180;111;0;561;182
21;0;1954;3155;2200;2854;2664;6279;2147;2077;2837;2981;8388;2331;2316
22;126;164;0;66;209;1;177;281;212;0;203;3;278;201
23;0;72;62;61;0;0;208;65;70;56;52;0;174;67
24;3092;1170;868;0;1111;6;1947;1126;951;707;1166;0;3152;1139
25;829;558;819;767;900;0;0;930;517;0;600;0;0;0
26;455;295;220;0;161;1;423;177;179;143;254;1;519;0
27;0;3304;3430;2781;3136;0;4068;0;2198;3050;3483;0;0;1843
28;0;145;171;101;211;0;299;177;160;0;259;4;281;303
29;192;60;49;76;57;0;163;59;0;69;59;0;167;58
30;3846;959;1112;950;1151;0;3021;1112;922;0;1414;5;3843;1050
31;746;585;386;1088;627;0;662;1253;558;0;572;0;1619;514
32;475;8;200;140;341;2;510;329;0;0;61;3;414;182
33;6397;3214;2892;2495;2449;6062;4840;2512;3291;2965;0;8057;3327;2224
34;154;156;160;0;130;0;418;145;286;105;293;3;213;223
35;150;69;64;47;56;0;143;56;59;0;58;0;219;57
36;3606;1148;1396;764;903;2;3944;1046;1213;1410;1652;1;2226;0
37;1473;0;457;0;547;0;2223;754;570;1167;447;0;2111;203
38;364;21;164;152;347;2;417;205;205;142;0;1;590;45
39;3184;3453;3519;3045;3920;9894;3170;0;3201;2478;0;482;2157;1639
40;0;283;102;487;271;5;14;91;293;357;0;0;532;175
41;206;70;27;60;47;0;0;58;55;53;58;0;154;74
42;2572;1198;1148;717;1509;6;3100;908;1092;669;860;0;3436;1010
43;1299;700;1157;527;658;0;0;0;961;0;728;0;351;0
44;529;150;154;140;133;1;404;52;320;158;183;2;400;132
45;2571;2785;2763;3072;3597;0;3723;3166;2572;2669;2667;11842;0;1347
46;397;291;243;55;376;3;0;281;246;373;273;5;328;246
47;148;58;44;51;47;0;205;59;61;52;43;0;236;61
48;3482;1055;933;985;1363;2;2739;1029;696;1113;1328;0;3699;1110
49;1236;708;442;986;320;0;559;601;233;358;912;0;0;936
50;406;220;218;125;328;0;540;79;0;184;557;0;343;51
51;6386;0;0;2436;2819;12433;4475;1974;3431;2757;1564;10176;4235;4310
52;378;176;333;150;316;3;477;196;192;587;261;0;236;182
53;169;49;72;51;62;0;175;61;54;68;56;0;156;48
54;4379;974;0;974;1425;15;2781;984;643;1289;1051;0;2864;1016
55;0;537;534;2019;261;0;2078;1020;969;1254;534;0;0;328
56;522;255;260;196;304;0;0;203;309;152;129;2;473;27
57;5466;1340;2937;2670;0;0;3365;1358;4522;2850;3304;10569;7218;3089
58;324;0;0;210;86;4;261;184;0;134;47;9;342;147
59;92;56;49;77;68;0;195;48;64;48;44;0;190;68
60;0;1237;1164;1057;1150;0;2991;0;962;1010;1316;0;3686;1122
61;1188;74;0;761;539;0;765;514;882;880;733;0;455;0
62;368;83;174;152;274;2;384;282;221;176;400;4;398;52
63;2705;1472;2650;2703;4464;6401;4460;2021;2207;2683;2506;9286;4606;1395
64;328;181;378;0;257;0;241;272;373;123;199;0;162;159
65;0;62;58;65;45;0;149;63;63;78;48;0;184;0
66;4750;1085;0;0;764;4;1745;1139;941;1023;1331;12;3651;1237
67;0;102;597;0;597;0;2019;814;686;458;222;0;2320;1070
68;450;294;0;0;0;0;440;171;0;131;258;3;514;0
69;3958;3609;2843;2944;3309;9549;4527;0;2781;2294;1786;7483;1531;1440
70;318;170;339;68;334;0;389;352;228;217;270;2;563;281
71;160;76;46;64;50;0;158;68;63;73;76;0;174;55
72;3114;0;893;738;1264;2;2755;1204;959;1055;1173;6;2835;854
73;366;419;573;923;346;0;413;171;926;395;552;0;1417;1287
74;439;284;233;200;314;3;351;250;156;154;186;2;0;175
75;5623;4296;1962;2805;2842;14324;3996;2005;2380;2642;3381;7258;2996;2118
76;438;0;262;53;234;0;301;291;292;127;101;0;355;0
77;157;57;24;85;52;0;149;68;42;41;65;0;173;0
78;4183;1009;1208;930;1161;8;1870;837;717;1229;1017;14;3861;0
79;482;493;0;941;0;0;194;619;1030;1686;699;0;0;928
80;467;234;214;109;228;0;496;310;122;158;163;0;611;377
81;5274;1517;2945;2964;1919;6190;3998;2944;0;3149;1042;515;3843;1258
82;295;100;204;287;183;0;322;99;228;322;172;4;502;267
83;198;43;56;48;60;0;179;50;0;0;55;0;202;55
84;3979;1151;907;1100;1144;7;2203;980;1319;728;1216;13;3640;1018
85;1167;253;417;932;647;0;766;795;387;278;604;0;666;66
86;411;254;199;113;281;1;447;199;150;114;310;0;431;377
87;5583;2284;2957;2436;2252;0;0;2797;2638;2227;3645;8527;3721;2363
88;469;104;243;156;0;5;358;125;289;148;205;0;109;155
89;222;52;62;72;51;0;197;0;80;82;50;0;195;46
90;3269;1052;1318;1309;1011;9;2985;860;0;1250;1021;11;3432;995
91;1215;816;844;1160;732;0;2022;638;0;206;233;0;0;882
92;472;0;230;139;146;1;505;182;214;0;258;5;0;249
93;4844;2584;3122;3050;1076;8683;6833;1481;2907;3065;3377;8565;3207;2113
94;454;240;281;414;189;0;299;7;0;218;248;0;246;114
95;0;54;58;74;67;0;0;54;41;67;0;0;221;45
96;3841;982;0;1272;1235;5;1269;1102;1148;1011;762;4;3780;932
97;49;788;523;0;748;0;2294;250;926;0;558;0;1374;1071
98;429;240;201;137;339;1;443;0;194;217;179;0;489;53
99;6503;617;0;2462;4078;5209;5227;2813;3071;2791;3122;3751;1274;2757
100;0;201;0;159;191;0;258;256;190;112;207;2;198;252
101;0;0;52;43;55;0;180;74;39;56;47;0;189;70
102;0;1141;877;1317;1039;3;3960;954;1020;872;879;2;0;1341
103;2386;678;715;577;593;0;1415;0;586;0;593;0;1307;243
104;536;275;284;149;182;0;485;178;238;176;410;4;419;123
105;2867;1139;2210;2638;0;6108;9007;1840;3146;0;2109;8218;3982;2239
106;529;303;437;244;146;0;657;192;213;212;0;0;365;207
107;152;51;63;67;47;0;175;0;65;63;57;0;192;51
108;3787;1068;625;1137;971;4;1402;1112;952;1307;0;3;3289;1195
109;1055;16;491;1592;0;0;2100;1751;0;40;0;0;1585;406
110;467;281;202;157;0;0;390;138;186;137;210;3;467;187
111;7898;2394;0;2502;2797;3781;2858;1788;2688;2596;2781;5757;4120;2133
112;382;193;234;68;200;1;595;149;216;219;0;0;446;218
113;155;57;47;62;50;0;214;74;62;69;58;0;0;49
114;3063;1139;1154;924;1229;4;3376;1044;1125;1188;1251;4;5055;1214
115;1182;480;514;32;131;0;747;0;699;2047;432;0;942;1044
116;313;100;151;187;321;0;352;243;195;175;0;1;529;416
117;3389;2403;2222;2834;1771;6057;4380;1935;2313;2949;0;8142;3833;1851
118;383;208;248;183;158;0;468;239;185;319;0;3;376;342
119;194;0;62;0;57;0;197;66;66;78;50;0;163;55
120;3506;1043;1030;1128;1054;7;3669;986;1364;1106;995;7;2768;1074
121;253;0;714;735;636;0;2481;1105;0;960;240;0;827;1130
122;514;55;223;170;309;1;427;148;60;139;0;2;398;176
123;3356;810;3249;2643;2282;2872;5519;2684;4465;2581;0;12708;4646;3194
124;587;163;282;302;116;0;79;180;242;0;281;0;444;100
125;190;54;56;65;53;0;175;71;54;63;60;0;160;60
126;3349;1156;852;981;0;3;0;1189;991;849;1437;4;1860;1043
127;842;318;453;1284;0;0;35;477;391;693;533;0;216;749
128;535;48;192;154;430;1;525;145;266;125;148;1;416;239
129;3435;1809;2322;2685;3655;2409;4379;2991;2329;2732;3715;8472;5146;2085
130;425;149;191;78;0;8;434;111;218;211;285;6;373;258
131;176;0;54;77;71;0;173;61;54;60;62;0;206;60
132;3106;1014;0;548;911;3;4150;1229;1006;652;1250;3;2708;1115
133;350;413;632;0;452;0;1757;13;733;1582;233;0;500;566
134;402;97;208;134;196;1;443;168;77;183;264;0;579;393
135;3438;2746;3086;2829;0;1017;4247;1835;0;2393;0;8110;2539;0
136;0;112;424;419;0;5;256;134;0;173;108;5;314;128
137;164;0;0;68;53;0;191;54;69;88;0;0;0;65
138;3135;1086;1067;752;894;8;3520;1069;1200;1102;953;0;1171;0
139;202;56;239;1197;7;0;2010;0;3;195;604;0;639;411
140;382;102;242;112;415;3;440;271;194;162;99;0;402;287
141;2868;962;2716;3240;3380;6062;3850;2270;2112;2660;2190;1969;6789;3330
142;365;85;187;188;208;3;497;128;352;23;60;0;169;65
143;148;58;51;56;74;0;209;64;46;48;56;0;190;56
144;3396;1116;0;1055;1020;0;2636;1004;901;919;1397;3;3823;0
145;1158;319;605;908;13;0;571;68;416;438;0;0;772;0
146;593;176;314;0;277;0;488;107;133;157;216;0;484;0
147;3872;2184;2866;2323;2149;11755;0;2534;3133;2264;1955;9854;5795;1762
148;388;192;0;324;367;0;423;195;90;214;273;0;310;241
149;105;50;0;71;55;0;183;65;61;0;55;0;158;59
150;2234;0;1186;1123;1547;0;2978;1132;1196;614;1135;8;3917;1228
151;1005;494;462;644;574;0;627;731;614;0;348;0;1301;1392
152;496;255;261;150;268;1;311;70;105;160;296;2;474;213
153;5672;2952;1740;2545;2871;2764;2486;1898;2870;2992;3142;7845;3075;2646
154;460;341;65;111;141;0;235;88;166;0;314;0;328;162
155;137;55;37;68;0;0;0;55;0;56;61;0;90;0
156;2988;1131;999;830;1282;6;2554;1106;997;845;840;4;2094;1147
157;273;792;659;103;588;0;1416;0;855;1555;564;0;1258;843
158;469;235;300;144;229;0;477;9;175;144;229;0;401;145
159;4798;1654;2477;2910;3034;0;5896;2381;2228;3123;1447;4259;5717;2308
160;395;0;149;0;133;5;407;334;0;107;254;0;472;236
161;192;50;55;60;50;0;241;46;44;46;41;0;149;0
162;1697;1098;1097;844;1095;3;4726;1039;845;1271;1261;0;4056;1240
163;0;534;148;396;855;0;0;942;638;919;394;0;1244;598
164;535;0;0;144;316;0;436;0;183;154;189;0;482;0
165;3147;1411;2565;2645;3119;9618;4669;3517;3426;2995;4534;4462;7014;2501
166;767;200;299;0;168;0;235;246;165;178;105;5;291;0
167;183;0;40;82;61;0;173;58;30;50;63;0;194;64
168;3862;1109;937;1306;1078;5;2937;1162;784;660;1143;14;3095;1035
169;1296;675;0;556;367;0;0;393;392;284;572;0;755;1305
170;491;151;120;175;296;3;394;71;185;164;51;1;541;237
171;2529;384;1898;2928;2219;14854;3485;2783;4081;2511;3995;0;1498;0
172;535;0;154;229;140;0;274;0;386;321;159;0;490;129
173;222;60;69;54;0;0;129;68;45;71;41;0;185;56
174;1651;1072;1358;785;0;12;2728;0;0;799;1707;13;2368;975
175;1918;908;901;0;473;0;2631;68;752;1372;787;0;995;622
176;481;184;106;172;0;0;461;232;189;188;197;2;0;198
177;5459;2003;2120;1939;2595;13653;5036;2964;2605;2820;1865;5493;5747;2668
178;355;126;324;273;170;4;183;321;231;490;386;0;363;164
179;193;0;70;80;58;0;152;52;52;60;67;0;171;62
180;4661;1068;0;1164;1120;10;3608;921;1092;1391;1103;0;0;1093
181;891;1096;653;574;55;0;1410;508;446;1020;264;0;679;758
182;537;225;203;193;319;0;456;100;129;121;0;0;516;208
183;3256;1543;2140;2739;1989;7527;4170;2352;2820;0;2822;11243;1222;2259
184;531;246;226;282;0;5;482;0;114;242;249;0;338;273
185;184;82;52;72;48;0;161;50;52;72;0;0;164;62
186;2009;890;1079;919;1175;5;3942;1112;942;880;1251;1;4067;1124
187;1145;213;780;1028;660;0;866;75;107;582;512;0;1029;568
188;0;150;0;168;288;3;487;64;286;164;319;0;0;307
189;458;2891;1995;0;1744;6852;2479;2647;2154;3281;3399;4881;4109;2747
190;260;253;479;316;110;0;71;269;238;360;257;0;232;129
191;157;53;47;0;47;0;162;47;29;80;59;0;180;62
192;4954;1156;1392;598;1237;5;3177;1109;931;0;1503;4;3680;1039
193;0;0;241;211;457;0;1257;1180;0;712;295;0;1650;114
194;349;101;239;133;166;1;472;40;107;145;254;0;388;0
195;4291;1278;3138;2635;2763;12620;5586;2069;2912;2646;2305;13238;0;1738
196;158;30;283;355;171;3;535;141;289;161;161;0;484;0
197;157;49;45;65;71;0;170;58;56;73;65;0;210;56
198;2561;1028;1206;1466;0;0;3103;1130;1046;0;964;8;3954;1050
199;1901;734;191;808;621;0;1995;0;383;1199;925;0;583;414
200;517;138;338;111;226;4;552;240;167;145;81;1;461;280
201;3359;2914;2693;2736;2476;6215;0;1875;3028;2625;3394;9425;0;1995
202;385;241;429;0;135;2;353;0;267;321;0;0;481;157
203;0;52;34;52;59;0;170;63;45;55;65;0;214;64
204;2976;1049;1136;1300;778;9;4045;1124;1033;1151;1285;2;1765;1220
205;0;741;162;947;709;0;2050;513;31;1047;0;0;0;528
206;0;220;203;146;301;3;570;209;221;140;265;3;493;146
207;0;1105;2230;2904;3510;11612;5020;1888;0;2591;2321;0;4043;2372
208;0;85;291;158;229;1;158;230;331;0;76;0;0;299
209;164;47;59;79;60;0;220;60;63;56;62;0;198;53
210;3496;1079;1069;1293;1268;1;2604;967;1234;1081;946;9;2619;0
211;2;708;806;718;596;0;1160;0;912;378;285;0;72;890
212;405;221;313;199;311;0;0;277;185;104;251;2;528;183
213;0;1984;2912;2585;1891;4616;4802;3052;2970;3149;0;8783;2522;2179
214;162;114;302;464;318;0;0;244;341;0;302;0;263;90
215;149;45;69;34;62;0;195;65;54;71;54;0;149;55
216;4954;1130;1099;761;0;0;0;1090;0;1121;1005;0;4157;1170
217;768;921;457;714;818;0;0;1604;287;0;320;0;698;1069
218;428;0;197;178;200;0;397;197;0;0;345;0;518;206
219;5536;1736;3258;2598;2222;7748;1418;2125;3605;3370;56;11749;1985;1539
220;7;169;121;373;294;0;275;182;188;290;0;1;253;133
221;130;59;59;83;55;0;172;51;48;57;42;0;172;51
222;0;907;1151;913;1313;16;3716;1052;1084;1221;1204;1;2887;0
223;1495;890;640;1170;485;0;1124;87;707;362;647;0;400;1004
224;349;196;242;0;333;1;406;138;124;157;228;1;474;256
225;2066;1814;2397;2902;1596;2778;155;2271;2201;2375;3250;7655;4943;2059
226;0;155;247;0;160;1;420;137;0;287;159;0;59;203
227;150;57;0;61;52;0;176;51;60;0;56;0;172;55
228;3620;1021;1576;892;1074;0;0;1122;998;975;1322;9;4430;1001
229;424;538;620;0;688;0;683;611;736;1020;737;0;977;539
230;486;81;200;158;150;1;454;0;195;138;335;2;500;203
231;2188;1714;3075;3025;0;9238;4532;1583;3123;2838;2253;5379;4957;1941
232;465;160;0;0;248;0;572;103;396;0;0;6;563;253
233;147;58;64;47;47;0;0;62;31;68;51;0;171;71
234;2814;1111;746;963;1250;0;3728;1063;974;914;931;5;2916;1231
235;952;2054;836;393;565;0;733;341;881;605;503;0;664;594
236;537;125;249;155;81;4;538;0;0;0;340;3;445;308
237;4116;3273;2531;2779;3347;12856;4551;1232;1779;2885;2322;0;5501;1752
238;170;81;313;222;270;2;361;0;283;263;139;2;459;373
239;214;57;0;61;0;0;155;46;50;81;60;0;145;57
240;2660;903;1156;0;798;2;3946;891;915;852;1204;0;4325;1056
241;3729;0;303;1286;0;0;749;1095;0;0;280;0;2029;1174
242;626;124;141;128;160;0;491;117;158;140;287;0;468;314
243;5151;804;0;3388;2831;2701;0;2023;2341;2898;0;6463;2805;2043
244;408;235;247;353;217;0;308;127;247;308;293;0;346;149
245;190;50;53;74;74;0;189;52;66;63;72;0;257;0
246;2921;1059;1068;1074;1111;12;2790;1103;845;974;1179;3;1120;999
247;1222;14;361;1265;732;0;873;600;459;553;464;0;7;0
248;410;0;176;109;300;1;452;206;203;159;236;5;485;205
249;0;2307;3373;0;2943;5263;3384;2193;2839;2929;1530;2795;2656;1938
250;551;0;212;275;91;5;199;137;196;173;227;0;237;0
251;237;61;61;69;60;0;203;59;52;0;39;0;143;62
252;2593;1171;769;1256;1075;8;2587;1164;1168;1152;1101;4;4364;1001
253;1264;471;458;473;487;0;2005;0;438;549;656;0;170;254
254;396;94;171;154;202;1;0;181;251;133;154;1;539;174
255;3066;1890;0;2841;1554;3400;4996;0;2613;2855;0;10943;3033;3070
256;0;270;149;187;180;0;493;218;0;626;191;0;219;165
257;164;58;0;66;47;0;140;58;55;44;60;0;0;57
258;2983;1087;837;960;0;8;3550;1062;1225;0;972;5;2592;0
259;0;312;0;0;298;0;482;631;386;508;436;0;429;1359
260;488;239;119;113;99;1;410;203;197;0;178;2;427;246
261;3318;1811;2589;2631;0;9722;5505;2005;2146;2386;3579;6802;3844;934
262;265;139;153;202;115;0;397;306;195;36;0;3;212;322
263;207;59;50;76;0;0;109;76;48;54;72;0;170;54
264;3827;1142;994;1015;1260;1;3435;1139;1341;962;1094;0;3306;932
265;702;819;542;845;0;0;87;0;574;210;361;0;1273;611
266;446;0;317;0;307;6;434;247;128;160;185;3;501;285
267;0;2600;2978;0;2911;9508;2954;1199;2782;2862;3744;10920;0;2385
268;0;172;264;136;241;3;430;240;245;195;190;5;302;97
269;221;58;61;67;44;0;201;0;62;54;58;0;175;55
270;3841;1104;866;1265;1370;4;1961;1058;1073;1016;1118;1;2560;1017
271;1425;645;1081;1435;285;0;2057;406;1111;1015;281;0;0;676
272;459;251;152;188;300;0;0;130;0;179;85;0;399;7
273;2989;3120;3337;2981;1202;0;0;2076;2444;2719;3442;4471;1058;2476
274;201;139;349;166;262;3;291;165;393;0;169;5;653;157
275;180;64;57;62;55;0;187;69;48;60;64;0;159;53
276;1557;917;1259;0;882;14;3060;1107;0;761;1570;0;3967;1138
277;287;377;655;373;486;0;967;1144;90;704;1107;0;1285;0
278;410;131;223;140;229;1;447;73;106;131;252;0;436;106
279;3090;2952;4130;2531;4044;7365;0;2588;0;2515;4096;10666;4010;2195
280;296;260;305;151;269;0;696;166;328;388;252;0;342;183
281;163;51;54;44;51;0;179;69;59;0;53;0;194;56
282;2430;1056;998;1451;1534;0;3847;968;839;899;1122;6;1916;1082
283;518;0;797;975;419;0;0;0;672;0;493;0;2546;928
284;486;198;186;181;0;0;484;243;222;172;298;2;411;372
285;0;2264;3063;2699;1307;4139;5902;3794;3526;2850;2390;8129;3028;0
286;405;378;177;255;80;5;602;413;143;308;171;0;258;148
287;192;64;70;54;73;0;159;64;56;57;54;0;187;61
288;4196;1221;899;772;1077;0;2595;1074;866;1307;1532;4;3067;1080
289;379;146;0;615;262;0;1266;458;0;1233;686;0;0;331
290;390;0;200;191;0;2;0;175;234;128;194;1;488;153
291;3278;2940;3736;2799;3718;6053;6276;2181;2930;2391;3432;0;3161;0
292;326;317;241;0;0;0;263;234;299;174;0;7;187;275
293;216;60;0;62;49;0;177;67;53;55;43;0;149;65
294;2428;1173;995;990;1064;3;2408;1021;1110;791;0;9;5906;1066
295;1157;696;555;595;0;0;850;0;510;1039;420;0;1165;0
296;569;169;232;156;219;4;503;374;153;139;221;1;487;230
297;4827;2617;2541;2679;5060;5429;2012;3643;3354;3083;1821;0;6766;3079
298;475;272;308;277;0;8;9;319;252;42;97;0;301;275
299;248;51;64;59;53;0;254;48;51;47;65;0;180;66
300;0;1138;907;1134;1319;0;1982;1011;1216;893;876;8;0;1016
301;637;915;395;863;722;0;551;1126;0;245;527;0;1266;257
302;466;33;0;156;143;0;319;341;194;163;207;2;448;227
303;0;1576;3234;2724;3582;0;3954;0;2591;2776;3236;5317;5868;0
304;254;318;196;176;181;0;369;172;169;247;140;0;443;102
305;152;0;61;75;71;0;182;48;72;67;61;0;136;61
306;5216;0;982;1178;1205;10;2990;1009;1244;1008;1330;15;0;1118
307;1897;121;0;1098;271;0;1612;260;685;1077;292;0;2612;351
308;442;279;0;167;337;0;501;58;268;0;223;0;442;128
309;3279;0;3665;3206;2443;6574;2516;2646;3362;0;0;7463;3190;0
310;496;310;293;242;150;0;295;0;382;137;119;5;437;53
311;149;51;0;64;47;0;158;54;36;61;54;0;0;63
312;0;1128;0;887;1132;4;4346;1201;1017;719;1467;0;3511;964
313;922;356;416;2050;226;0;1223;63;916;190;0;0;1555;0
314;428;207;243;0;169;1;0;241;281;134;295;1;366;0
315;4799;1295;2860;0;2095;6793;0;2224;0;0;2819;0;4833;1344
316;239;0;97;0;178;0;222;107;246;525;78;0;440;198
317;0;59;48;57;54;0;189;72;59;55;0;0;158;60
318;3106;0;1028;1143;989;0;990;1083;936;1253;930;0;2313;955
319;2105;0;739;352;310;0;947;815;877;372;579;0;0;815
320;495;190;151;171;304;1;431;18;46;0;230;4;424;263
321;0;2027;2791;2734;0;2381;6531;1081;0;2901;2737;8362;5403;1723
322;264;182;322;0;259;1;93;225;206;18;346;0;403;68
323;178;71;54;53;57;0;184;70;54;70;48;0;195;56
324;0;0;1339;1552;1452;0;0;1110;776;1212;1129;8;4922;1011
325;1447;1246;327;142;399;0;520;431;802;1126;180;0;0;0
326;532;143;166;126;129;1;441;0;0;151;221;0;587;0
327;0;2668;3083;2531;4061;11787;0;2032;3646;3111;3919;3776;5560;1992
328;151;64;320;416;151;0;452;137;126;280;37;0;533;300
329;138;0;47;76;27;0;175;57;52;58;0;0;232;55
330;2848;1067;1148;998;1095;19;4398;1061;0;1549;1347;10;3827;1222
331;948;376;803;263;743;0;1673;0;397;349;608;0;809;1533
332;406;121;190;135;211;5;0;110;199;108;173;0;425;0
333;4034;3425;3019;3151;1211;10752;3677;3266;2482;3280;2118;4009;0;1895
334;213;147;281;553;204;0;168;178;280;0;161;0;0;283
335;182;0;47;68;0;0;196;54;46;75;72;0;195;65
336;3220;1038;620;756;1423;0;1497;1078;1217;1065;1092;2;0;1023
337;397;363;616;0;189;0;1541;948;916;982;538;0;1002;585
338;432;178;185;158;141;0;400;224;148;166;190;0;417;272
339;6240;2088;2564;1817;2127;6522;1956;3233;2155;2603;3795;9170;2834;3807
340;392;76;237;0;310;0;0;255;107;320;166;0;424;0
341;214;60;62;30;54;0;133;67;50;61;78;0;186;61
342;3288;0;1393;1126;942;2;1717;0;1060;1083;1364;7;3257;1166
343;2905;792;451;1016;89;0;980;165;378;0;497;0;0;1401
344;408;228;222;107;91;0;505;294;225;130;191;0;459;155
345;5770;1831;3251;2885;1893;8457;3779;1548;3603;2848;1138;8888;4601;2217
346;146;334;180;126;326;6;432;0;197;394;226;3;359;330
347;191;59;60;62;54;0;170;43;77;54;62;0;229;62
348;2803;1061;1225;975;1316;8;3937;1047;1012;1013;1085;13;2348;974
349;0;0;0;867;0;0;0;979;292;1292;643;0;0;839
350;402;119;301;148;352;3;356;168;209;184;0;3;395;188
351;3709;2445;2713;2173;0;2899;3167;425;3077;2984;3705;7251;3352;851
352;389;269;335;439;102;1;112;0;325;135;149;1;477;190
353;165;49;56;59;51;0;215;51;48;78;50;0;169;0
354;3963;1095;919;1499;1397;0;2916;951;0;960;1362;0;2636;998
355;786;591;139;429;257;0;459;1025;218;619;750;0;511;32
356;321;116;122;140;252;0;453;215;229;128;247;0;496;174
357;2748;2112;1692;2849;0;6624;4235;2801;2957;2761;2625;9335;1632;1694
358;0;281;266;336;0;5;381;87;320;620;36;4;292;177
359;200;71;45;40;0;0;197;64;54;70;41;0;238;61
360;3506;1285;892;1336;1384;4;4132;1196;1249;1285;1335;0;3394;1219
361;1099;1121;1145;1246;699;0;486;277;113;1201;515;0;1832;0
362;438;0;261;195;174;2;461;142;178;139;0;5;461;168
363;5115;2478;2541;2865;2064;5947;2407;1483;2446;2195;0;7549;3897;2690
364;202;115;396;49;131;0;269;140;304;507;198;1;315;279
365;160;60;61;48;55;0;173;58;49;79;72;0;133;57
366;3792;1210;1335;878;1199;9;3244;1107;1218;1132;0;3;3376;1074
367;0;609;390;537;265;0;766;0;383;369;429;0;1310;6
368;427;197;233;163;370;4;504;224;252;151;212;2;495;231
369;5878;2269;2262;3016;2524;5371;3222;1756;2167;2294;2775;7490;4283;1737
370;426;117;268;198;231;3;0;272;272;398;229;5;387;144
371;176;52;38;72;68;0;183;57;70;66;54;0;196;63
372;4485;1114;1102;1112;1214;0;3393;1183;1341;1086;1527;1;0;1124
373;1676;850;0;0;772;0;1162;1668;80;728;194;0;1595;880
374;474;257;192;0;272;2;474;353;115;133;166;1;463;28
375;3936;2710;3518;2390;3925;6978;2912;932;2553;2520;457;4936;0;1782
376;475;245;262;99;131;1;464;138;0;323;212;3;383;182
377;172;64;64;83;71;0;160;44;62;0;58;0;209;60
378;2378;979;0;0;1116;0;2017;1181;0;1049;1301;0;3122;1175
379;0;371;541;63;524;0;1923;646;644;0;0;0;766;569
380;0;135;187;116;286;3;377;211;176;104;273;3;487;244
381;1975;2686;2586;2503;2719;5796;4648;2415;2912;3246;3857;8656;5174;2920
382;448;170;201;413;198;0;576;252;214;256;20;1;404;314
383;169;69;60;56;51;0;159;59;48;55;53;0;150;57
384;2983;934;1152;1689;1004;0;3718;1097;1436;992;1206;1;3982;1006
385;999;912;759;345;388;0;0;1166;0;0;653;0;1656;299
386;430;101;219;151;259;0;476;216;208;0;322;2;620;221
387;1623;2525;3051;2518;3249;11738;3348;1750;2965;2510;4262;9540;5017;0
388;443;64;241;195;183;6;0;163;173;0;142;0;275;249
389;176;57;59;51;57;0;179;61;73;66;68;0;149;53
390;2259;0;1004;747;694;4;3106;1102;1081;1077;1261;0;2826;964
391;1001;0;478;288;427;0;670;735;730;572;773;0;1778;141
392;473;192;262;168;174;3;447;140;153;94;290;3;500;88
393;4421;1998;3055;3094;0;6616;0;1943;3010;2571;3236;5762;2885;953
394;0;249;236;283;81;0;237;267;382;438;201;9;151;70
395;163;53;47;65;43;0;227;59;51;57;46;0;210;58
396;4046;978;902;1166;1471;1;3278;949;1239;1165;984;6;3204;1015
397;788;552;377;0;374;0;1442;207;510;642;494;0;1430;483
398;567;208;61;160;0;0;475;402;233;0;251;3;379;41
399;3097;1732;2730;2877;3655;6601;3760;2164;2817;3111;0;1363;2809;1965
400;373;0;156;260;128;2;49;228;264;0;161;1;315;237
401;121;51;47;65;64;0;167;50;44;78;47;0;237;40
402;4734;950;0;1224;1010;8;3845;988;1107;0;1315;0;3141;1174
403;3127;747;521;1673;829;0;802;774;0;1250;688;0;1345;1132
404;461;271;108;198;284;0;440;42;99;199;234;4;0;0
405;2058;3527;0;2610;2241;13198;6163;1344;3225;3172;3578;8749;5041;2521
406;240;153;286;52;118;7;101;89;141;30;175;0;184;300
407;177;63;59;74;58;0;177;75;51;75;79;0;190;0
408;4663;1044;1229;972;1128;11;2781;1127;1123;1098;810;0;3943;1087
409;0;220;380;934;0;0;388;60;901;617;453;0;982;257
410;456;0;187;122;59;0;458;211;267;89;394;1;478;206
411;4306;1927;3130;2925;1779;5769;0;1429;2677;2621;2045;8240;4610;2787
412;396;146;302;0;0;3;165;212;146;286;42;0;288;250
413;182;65;55;70;41;0;159;64;44;79;54;0;0;59
414;0;0;0;970;1003;9;2996;1154;1284;1097;0;4;4271;1072
415;927;669;1053;206;362;0;877;790;617;453;377;0;1578;649
416;461;249;244;166;68;1;0;0;226;177;310;0;519;0
417;0;2251;2971;3445;2648;10865;1953;2945;2966;2836;3040;10832;3277;1066
418;419;153;0;401;154;0;353;316;106;300;216;2;289;0
419;220;67;67;59;56;0;146;63;0;59;49;0;169;56
420;3893;1119;1591;698;911;5;4466;1115;1305;839;1304;0;2703;1130
421;1201;785;690;1369;240;0;346;1429;168;280;561;0;1207;725
422;474;142;240;112;230;0;420;13;203;168;162;0;397;9
423;4042;3076;2384;2895;2888;4680;4413;1179;3067;2674;2654;9570;877;3383
424;389;0;156;188;147;8;0;298;358;154;170;1;384;158
425;194;46;42;76;58;0;153;56;41;60;63;0;171;50
426;3793;1016;1257;822;1283;4;2598;1129;906;0;1019;0;2784;1153
427;114;228;683;281;0;0;494;866;717;534;363;0;1752;0
428;370;145;213;133;299;0;539;289;0;105;179;2;380;180
429;5537;1810;2601;2754;2334;8524;0;1889;2234;0;3873;1817;3726;0
430;0;145;239;0;66;3;468;372;277;139;252;3;406;206
431;204;52;39;82;54;0;194;44;65;53;51;0;0;54
432;3524;0;1110;0;1400;2;3603;1072;1103;920;1191;16;2776;1062
433;0;391;0;23;280;0;635;478;864;0;504;0;769;471
434;0;53;221;161;296;1;457;112;124;150;91;1;0;266
435;5513;3065;2506;2804;2909;10401;3041;2041;3308;2943;2502;5568;5034;3308
436;506;388;0;292;148;0;0;253;102;140;0;0;454;186
437;205;64;47;81;66;0;136;50;0;48;58;0;179;38
438;2188;1120;1040;1128;1331;5;3416;1137;1412;826;1195;0;3724;1019
439;1547;1234;0;731;675;0;2795;0;538;236;0;0;2246;1108
440;479;178;65;138;303;7;509;210;139;153;320;0;505;95
441;0;1815;3066;1984;0;6955;4140;861;3157;3409;1632;10400;5330;2585
442;613;186;229;73;70;0;351;319;255;0;144;0;203;226
443;151;47;46;72;43;0;173;0;47;56;43;0;186;58
444;2256;1062;1254;746;988;5;4113;1013;0;763;0;9;1427;1102
445;2421;1026;365;1022;556;0;2446;1072;772;1397;741;0;1000;458
446;541;245;190;77;201;1;479;41;203;190;393;4;387;228
447;4303;0;2627;3346;0;6182;2103;1693;3857;2696;2330;10312;3910;1414
448;596;285;378;114;238;2;533;200;205;69;168;5;307;249
449;176;0;56;70;60;0;187;76;57;61;0;0;187;66
450;2992;1035;758;873;1351;0;4742;874;933;1203;1218;1;3834;920
451;1102;202;376;579;718;0;1307;296;724;319;107;0;1149;0
452;0;229;64;149;0;2;387;260;194;161;155;3;0;220
453;4281;1903;2006;2879;2999;12427;4157;0;2318;2947;3247;12539;3431;3258
454;205;164;295;0;330;7;250;171;243;284;112;6;0;190
455;168;60;63;64;52;0;0;56;64;0;57;0;185;62
456;2155;1028;1141;796;1209;0;3767;902;1302;995;987;8;2802;1151
457;21;570;765;403;471;0;0;0;196;90;136;0;0;241
458;600;98;168;184;111;1;531;187;192;150;215;0;475;301
459;3547;1624;2091;2905;3454;6014;5980;3042;3226;2931;2684;6753;3042;2197
460;184;318;147;122;87;2;378;0;523;316;101;3;198;158
461;232;68;60;74;67;0;137;0;56;84;45;0;196;58
462;4153;1112;1059;0;968;0;3876;1131;997;937;948;2;3545;934
463;2245;32;525;997;0;0;242;1170;399;1050;356;0;1374;0
464;530;209;194;111;202;0;548;279;115;165;238;0;348;35
465;2360;1818;2056;2714;0;6482;3901;2215;3921;3017;2204;9113;0;3310
466;160;192;115;125;210;5;140;0;307;257;203;6;410;0
467;242;59;71;66;57;0;115;71;0;61;0;0;184;53
468;3032;1072;1290;0;1118;0;886;1182;689;1324;1304;1;3145;1186
469;2136;166;706;861;251;0;704;180;762;1394;0;0;0;1091
470;471;61;0;157;231;0;521;0;146;0;297;1;418;171
471;4463;3318;0;3111;1952;10236;6437;3536;0;2570;2762;0;0;2790
472;168;265;256;0;150;3;518;104;373;411;0;1;266;17
473;149;53;62;73;58;0;154;51;43;66;63;0;193;68
474;2992;1068;958;1096;1234;0;2952;1024;1133;905;1118;0;4042;1066
475;0;956;419;476;846;0;1591;503;477;761;753;0;2438;683
476;606;166;112;87;280;0;391;222;183;139;241;3;539;114
477;4385;2756;3695;3078;2541;0;2930;2352;2396;2657;1742;11002;4946;1692
478;635;243;142;299;0;6;188;296;189;387;0;0;0;218
479;146;60;66;70;62;0;165;64;53;59;61;0;152;56
480;3390;1107;1102;1220;1052;7;3602;936;1376;512;1205;0;3587;1264
481;566;960;640;724;928;0;1644;518;840;0;433;0;748;46
482;633;178;117;117;246;3;402;90;229;171;230;2;518;217
483;0;2853;2786;2021;3247;13869;1529;1917;2447;0;3265;5490;5207;2290
484;0;121;363;274;256;3;418;281;364;217;229;1;0;140
485;136;54;57;52;62;0;142;47;73;0;42;0;166;62
486;3546;1061;1269;1248;936;0;3377;1235;1151;0;1249;0;2360;1180
487;146;681;666;410;0;0;1003;851;774;701;543;0;0;1135
488;484;0;220;110;213;0;509;0;135;150;232;1;617;262
489;5809;2499;0;3110;0;6687;1896;2446;3674;2628;1047;7779;3268;815
490;398;208;251;60;236;3;292;142;147;93;0;5;228;209
491;148;70;33;67;62;0;193;44;47;56;45;0;195;50
492;4760;1051;983;907;1134;5;4235;1139;951;721;1653;2;3039;1015
493;1944;663;650;0;0;0;832;101;652;202;327;0;1306;1090
494;518;157;229;148;107;0;499;139;107;156;0;2;0;149
495;6612;2357;0;2928;2832;5903;3430;2668;2216;2881;4150;4885;2895;2073
496;436;181;266;0;0;0;496;177;204;0;212;1;247;285
497;146;55;61;55;39;0;246;60;51;77;58;0;154;67
498;2393;947;1156;939;1309;13;2482;940;1191;1197;1464;7;4280;1042
499;1136;379;1231;898;703;0;0;0;688;839;553;0;0;1066
500;0;123;255;168;247;3;462;406;266;97;357;0;368;367
501;4436;1619;3727;2828;2669;6357;2048;1574;2278;2913;1532;6940;3087;2609
502;297;235;239;83;336;0;232;244;154;238;114;7;188;271
503;0;0;52;45;62;0;170;56;51;75;42;0;158;59
504;1386;1040;876;938;1360;7;4246;1017;1086;943;996;0;1655;1121
505;0;813;406;272;594;0;475;630;0;335;655;0;1133;0
506;479;214;173;118;0;0;487;278;200;164;318;4;0;147
507;4999;1930;3424;2903;4335;3110;5595;2707;2647;2551;1645;3498;1529;868
508;0;233;269;263;234;3;196;247;295;56;69;0;397;243
509;224;50;48;68;62;0;153;58;54;57;0;0;122;64
510;3794;1054;0;933;1011;2;3833;1068;1297;0;911;6;3172;1207
511;1247;1239;533;717;208;0;1039;0;508;996;877;0;1988;1740
512;455;166;0;192;314;3;382;191;130;173;100;5;397;13
513;1947;0;0;2107;2018;13332;3808;2775;3098;2589;2125;3730;4813;1955
514;331;236;188;0;156;7;0;141;245;0;209;0;161;287
515;190;56;60;61;64;0;188;0;53;76;61;0;178;59
516;3835;1084;1062;741;1356;0;3328;0;1062;1022;857;7;3097;1233
517;2406;847;641;0;197;0;949;558;447;503;228;0;2834;725
518;501;323;86;128;0;0;359;314;184;151;328;0;460;0
519;4570;2878;2778;2525;1288;5645;3934;2920;2677;2623;2647;9322;2422;2759
520;133;0;324;320;152;4;145;355;203;0;173;0;524;93
521;108;50;0;76;41;0;185;62;41;69;0;0;204;52
522;3252;1101;1275;1250;0;2;4139;1032;778;1102;1182;9;3394;1139
523;1251;514;682;385;219;0;460;952;0;665;620;0;1895;0
524;379;252;143;140;185;2;404;221;251;124;170;0;526;271
525;7262;2579;0;2488;2846;0;2236;2256;3109;2749;2538;2541;7196;1975
526;331;250;204;0;218;0;0;218;325;237;215;5;289;242
527;236;60;64;78;33;0;231;58;60;60;58;0;180;57
528;2363;1060;1350;1379;1301;0;5278;1273;1322;1293;1314;0;3009;975
529;1106;506;651;799;0;0;494;370;659;966;682;0;0;492
530;0;292;93;82;291;0;326;234;252;135;304;2;449;296
531;3321;2194;2562;2232;3711;7538;4455;3475;2265;2338;4955;9034;3169;3765
532;241;196;311;502;115;1;564;261;309;114;0;5;551;189
533;127;60;55;86;44;0;203;66;50;73;52;0;133;57
534;0;1052;1206;802;1030;0;4728;1180;888;1024;0;1;3081;1118
535;1370;0;958;1388;855;0;598;677;776;670;206;0;1357;245
536;406;184;167;159;324;3;256;251;0;163;206;2;479;54
537;5434;3150;2836;2436;2200;5702;2106;0;0;2793;3961;779;4464;0
538;297;259;345;405;121;0;282;180;444;0;0;3;245;452
539;212;64;74;79;59;0;186;54;42;58;55;0;207;64
540;1912;0;1394;934;1330;0;4054;0;729;911;1236;9;2127;1056
541;139;166;576;177;35;0;155;0;0;0;433;0;1773;926
542;468;0;91;190;123;2;564;185;212;109;155;1;509;41
543;0;2618;2690;2992;0;2697;0;2480;2165;3302;2757;6617;3389;2220
544;438;177;399;260;304;0;0;99;359;366;119;2;441;288
545;174;0;61;64;61;0;215;63;0;53;67;0;216;68
546;4427;1178;1182;1090;948;14;4465;0;1169;1054;838;0;2934;1250
547;1962;883;342;905;757;0;0;1015;742;460;0;0;1625;1276
548;479;172;286;216;326;0;497;115;242;142;264;3;415;176
549;2622;756;3032;3151;4038;9907;5991;1286;3453;2076;1981;4575;3570;2001
550;383;238;256;0;209;2;523;212;0;150;261;4;114;245
551;202;55;80;62;53;0;185;58;0;58;53;0;162;54
552;3123;1008;882;1286;1169;4;3168;0;1141;1063;1113;0;2956;1117
553;2096;378;0;1218;0;0;2615;859;193;663;308;0;0;0
554;496;406;213;138;252;0;490;275;292;140;0;0;518;116
555;3891;1021;2599;3286;0;4808;5101;2168;2929;2265;4067;0;5428;2281
556;442;279;277;232;20;4;0;246;133;406;0;0;206;231
557;166;44;0;0;65;0;202;56;42;47;51;0;198;57
558;3165;1257;0;1223;1264;13;0;948;0;609;1228;0;1021;0
559;0;847;710;770;452;0;746;845;0;1399;411;0;508;883
560;522;0;166;164;289;2;430;0;125;168;143;2;442;134
561;3524;2649;2957;2715;2845;8578;2048;0;3018;0;3604;8971;1950;3030
562;614;232;336;148;15;3;211;197;217;250;56;0;313;278
563;0;65;47;56;58;0;221;51;47;66;55;0;198;69
564;3878;1150;1027;923;1302;0;0;1067;0;1165;982;0;3698;0
565;1587;828;409;1057;637;0;0;0;312;380;326;0;568;0
566;439;0;116;104;2;0;424;81;105;164;118;1;482;342
567;1665;1263;2523;2801;2165;4546;3931;2740;3134;2496;2007;4046;3751;2501
568;353;130;355;0;249;2;0;167;231;336;276;4;395;245
569;166;0;60;81;52;0;102;50;48;0;58;0;136;61
570;2467;994;1135;1078;1031;0;3180;1034;607;1004;1302;0;3622;1059
571;1240;1454;722;1604;377;0;0;422;533;1032;0;0;799;844
572;459;49;163;153;306;0;497;275;248;162;145;1;322;185
573;5938;1984;2393;2531;2483;2956;2395;2151;0;3374;1118;12155;1819;1414
574;309;170;314;226;162;5;315;166;304;0;173;2;333;251
575;109;46;51;62;56;0;170;64;46;64;65;0;143;64
576;2661;1068;1080;1325;1190;0;4165;1031;1020;1023;1118;1;4361;1194
577;271;1009;479;241;318;0;1180;1318;457;1476;418;0;1460;297
578;478;252;148;139;105;0;386;155;261;111;257;1;436;161
579;4005;2117;2369;3018;3419;6551;4529;3512;2447;2557;3413;4743;2486;3045
580;414;160;255;138;173;2;324;60;129;446;298;0;277;287
581;168;62;70;69;66;0;0;65;61;65;58;0;183;64
582;3593;1102;1139;1054;1035;4;2109;1106;982;1242;1303;2;3374;1005
583;1546;474;333;824;242;0;1633;649;630;0;672;0;1766;0
584;511;52;191;136;383;0;496;272;231;162;0;0;455;246
585;2498;1731;1548;3215;1285;8510;3670;0;2226;2840;2796;5173;3720;0
586;0;180;251;169;196;2;0;176;0;201;182;0;562;152
587;184;50;40;54;53;0;140;0;49;72;48;0;142;61
588;0;1018;805;919;987;2;3379;1047;1194;939;0;0;3422;1079
589;840;0;377;839;78;0;600;564;271;0;162;0;2633;0
590;505;74;205;187;249;0;363;128;0;138;284;0;0;189
591;4859;0;2616;3548;3702;12965;3344;1635;0;0;2185;6757;4660;0
592;394;416;81;237;246;0;233;420;217;276;110;0;501;155
593;154;0;69;69;52;0;154;0;52;65;72;0;0;66
594;2226;1133;1042;1250;1142;0;2692;976;0;996;1444;2;3545;1142
595;1015;857;247;788;771;0;1028;1416;953;474;236;0;1356;0
596;363;0;172;120;37;0;464;262;320;108;279;2;479;209
597;4023;2934;3037;2731;2765;0;1629;1946;0;3557;4030;9971;5102;2518
598;388;389;142;228;224;0;0;152;148;461;245;1;329;201
599;0;71;50;62;46;0;174;59;39;35;56;0;0;49
600;3907;0;819;1121;1179;0;2514;1003;671;1125;0;1;3394;1115
601;933;1153;511;0;369;0;616;931;929;401;882;0;930;1132
602;406;93;311;160;149;1;475;233;0;189;230;0;491;174
603;2798;2000;3788;2540;2622;0;4139;1084;2790;2831;4848;0;0;2878
604;260;95;403;0;332;1;284;200;233;532;0;2;79;408
605;138;65;35;88;47;0;208;67;55;51;59;0;168;0
606;3447;1021;1297;1074;0;0;2533;937;1152;941;889;13;3840;1044
607;1949;999;0;1144;295;0;918;1308;0;726;480;0;909;129
608;481;0;116;148;0;3;461;132;282;133;0;0;488;266
609;4251;3357;1794;3043;2790;12757;4349;4104;0;2604;3607;5130;3772;2461
610;113;0;358;232;323;4;408;160;165;185;222;0;128;140
611;254;48;52;77;45;0;200;58;65;59;42;0;174;45
612;3305;1102;1123;1095;1231;10;3452;1249;1123;884;1291;1;2422;980
613;757;0;637;877;55;0;1519;311;914;556;461;0;897;1074
614;506;0;123;171;107;0;488;101;0;133;253;2;498;259
615;3483;2306;1597;2781;1931;10706;2268;2142;2274;0;2688;5376;6125;0
616;494;225;319;228;77;0;331;182;203;297;144;2;537;191
617;170;49;50;79;64;0;0;67;44;69;61;0;197;62
618;3613;994;1139;957;1457;2;2795;1103;1198;874;867;5;2256;960
619;0;1350;966;962;397;0;2793;439;0;540;457;0;1522;289
620;490;258;149;0;253;2;510;177;170;159;271;0;580;119
621;4524;871;2110;2408;2961;5774;3203;2404;2013;2743;3602;5196;2834;0
622;336;311;283;200;199;0;440;187;262;0;63;3;295;126
623;136;61;52;0;0;0;161;55;83;73;63;0;191;52
624;3406;963;1134;1412;1203;4;3618;1116;1110;890;1208;0;3286;1133
625;102;137;770;866;80;0;2447;965;380;142;0;0;2126;818
626;487;317;183;132;286;0;436;91;130;110;272;4;527;120
627;5356;3670;2790;2563;3414;5001;2941;1672;2523;2976;0;3739;5653;1219
628;312;44;0;465;189;0;0;258;363;0;224;0;593;64
629;225;58;46;52;68;0;209;49;59;66;80;0;197;57
630;3350;1017;925;0;1287;7;3251;1067;816;840;917;0;1659;1290
631;539;3;1142;995;780;0;1642;40;439;788;0;0;685;484
632;477;0;132;123;0;1;386;0;0;122;327;3;386;234
633;4099;0;2015;0;1810;7525;4151;1774;1683;2980;3843;6867;3537;3462
634;128;271;187;168;53;3;410;296;195;222;0;0;484;382
635;0;55;72;71;64;0;192;64;70;56;49;0;181;55
636;2006;934;1204;1047;1081;4;3270;1113;0;1525;1259;8;3898;1088
637;988;1065;359;0;617;0;771;1438;357;1023;660;0;1879;910
638;452;186;218;183;204;1;0;166;120;138;0;0;348;282
639;2445;2113;2533;0;2436;9046;3322;3406;2452;2382;3102;0;3217;2658
640;442;160;365;312;155;0;475;292;228;62;146;1;32;82
641;0;59;61;44;59;0;141;45;61;68;46;0;177;58
642;4219;921;1095;933;1196;10;4131;1143;0;928;1313;4;2002;990
643;0;265;0;1172;604;0;0;592;875;657;742;0;1148;202
644;577;350;201;153;199;2;538;250;223;180;236;0;483;145
645;1693;1330;2004;3205;3028;6389;6739;1516;2056;3096;2150;7775;5138;2296
646;552;346;371;34;113;2;180;307;296;0;286;0;369;171
647;175;50;0;61;49;0;192;0;58;53;52;0;208;0
648;3917;1047;979;1081;1167;6;0;988;1087;994;1028;5;4055;1110
649;0;959;622;683;590;0;0;830;727;0;237;0;1228;433
650;407;229;0;112;343;0;471;28;153;163;46;1;307;120
651;2650;1534;2439;2621;3224;3392;3821;2170;2557;0;4053;8308;4841;1285
652;259;272;166;0;242;0;59;388;304;70;0;0;157;88
653;198;55;56;57;76;0;179;53;0;47;63;0;249;48
654;3033;902;1212;897;1486;1;2511;1076;1047;956;0;0;2363;1216
655;2321;33;310;270;258;0;859;1165;297;777;194;0;1178;787
656;463;244;248;151;124;3;477;361;158;163;132;0;439;121
657;3803;1867;3025;3315;0;7726;4888;2030;0;2961;1338;4349;1633;1848
658;364;189;210;236;76;1;0;163;249;277;0;0;0;201
659;181;0;50;60;59;0;212;55;61;60;66;0;216;54
660;3706;989;816;767;965;0;3985;1090;1036;1100;1125;4;2637;1014
661;426;243;272;556;411;0;213;1054;1033;39;385;0;2126;712
662;518;258;276;114;260;0;0;202;130;0;323;4;557;202
663;5213;1726;0;2296;2878;0;3411;2975;3013;2582;3414;6644;5061;1911
664;0;180;173;324;89;0;334;229;179;128;182;2;355;142
665;248;77;57;90;51;0;214;58;67;76;60;0;149;62
666;3056;1112;931;1226;1334;0;3810;1166;0;935;952;1;4470;1152
667;382;94;654;475;782;0;1599;394;660;1085;148;0;1010;408
668;401;44;97;174;240;0;490;293;171;162;101;2;549;0
669;5093;2028;0;2327;2724;10231;0;3213;2707;3015;2766;11266;7254;2332
670;417;164;269;244;193;2;307;306;383;411;111;0;416;102
671;130;63;64;52;48;0;140;62;48;50;65;0;201;53
672;3244;1040;0;1031;1366;0;2963;964;975;862;931;4;3972;1289
673;1100;0;772;0;522;0;1891;250;640;581;867;0;1261;234
674;576;0;0;135;0;1;432;0;0;139;109;1;425;69
675;3721;1973;2806;2717;2907;9336;5860;2580;2853;2922;3915;0;4722;3340
676;588;198;120;138;181;7;321;171;351;0;171;0;475;200
677;209;77;53;55;64;0;219;49;0;74;44;0;0;69
678;4069;1071;1072;1229;1113;4;4379;1149;1471;1222;1253;0;3856;1211
679;300;564;819;1457;665;0;940;0;0;45;846;0;0;1164
680;492;315;0;159;365;0;404;205;0;165;230;1;440;110
681;5073;3071;2067;2671;2249;3725;1426;0;2250;3020;2403;2177;2776;2978
682;445;212;434;539;137;3;413;140;243;0;226;5;262;142
683;196;53;56;66;62;0;163;41;58;57;48;0;206;70
684;3482;1152;681;1018;1331;11;1980;1060;1129;1159;1256;0;2847;1119
685;227;197;458;857;507;0;138;955;641;718;491;0;952;0
686;476;288;191;194;159;1;362;93;91;185;238;0;445;208
687;0;2454;2797;2798;2624;4809;7375;0;0;2277;3554;0;5237;1891
688;342;160;110;0;102;0;285;0;0;135;311;0;547;184
689;179;53;54;72;56;0;207;66;49;62;73;0;166;0
690;1649;1153;883;0;0;2;2527;1015;946;1045;942;18;2932;1045
691;1814;372;489;598;430;0;1225;319;286;346;937;0;1804;72
692;455;105;215;137;350;1;598;195;0;104;198;0;532;0
693;5347;2545;2219;0;3280;6293;4576;1967;3702;2373;3061;4038;4454;2085
694;278;325;253;406;0;3;253;212;243;387;194;2;437;291
695;205;56;61;69;57;0;183;0;51;46;68;0;223;67
696;3819;1068;802;733;1348;0;3285;988;1295;0;1184;0;3375;0
697;252;651;462;1224;457;0;626;761;655;1185;339;0;1784;473
698;607;154;238;139;191;1;453;356;141;206;139;0;441;55
699;2922;1944;3115;2412;1871;4461;4953;1454;2126;2074;2225;6770;0;1737
700;335;562;301;0;133;3;241;251;284;0;243;0;533;0
701;166;58;40;57;42;0;186;64;53;55;50;0;240;60
702;3472;1017;1275;877;1295;4;3098;1012;1075;870;1015;9;5241;0
703;1163;0;675;942;233;0;1397;1777;959;1416;640;0;0;311
704;583;25;153;148;76;0;499;368;170;130;286;3;409;294
705;1960;1073;2993;2647;3152;7705;2425;2272;0;3107;615;0;5639;1718
706;412;397;310;179;113;1;433;194;232;177;0;1;7;244
707;171;36;73;65;69;0;162;59;69;61;63;0;132;65
708;3025;1179;914;0;691;2;2590;1001;1215;1011;1470;0;3977;1138
709;467;741;413;588;342;0;1271;230;334;672;674;0;0;480
710;465;0;0;0;0;1;0;202;0;0;436;0;0;349
711;2714;2743;2235;2392;4052;8164;2607;1789;4017;2799;2418;9261;0;3027
712;497;328;230;85;344;0;217;258;287;99;150;0;503;52
713;194;45;39;0;52;0;141;0;60;84;54;0;158;58
714;2773;1172;1176;832;1178;0;3287;1105;1125;552;1268;0;2541;1105
715;0;578;250;860;0;0;486;349;874;0;628;0;1447;0
716;555;167;208;143;231;1;409;0;218;115;276;3;465;377
717;2798;4085;2551;2341;0;0;1646;3554;3259;2994;0;10386;4711;0
718;413;132;234;303;117;0;296;244;491;253;255;2;131;208
719;0;54;61;42;59;0;162;55;0;0;66;0;181;63
720;273;0;1113;1117;1350;0;2276;929;697;741;1496;2;4826;0
721;1111;642;989;1204;930;0;1978;94;563;1865;525;0;1264;1478
722;424;0;143;184;164;0;544;0;140;149;174;3;521;250
723;4791;2150;2007;2843;2638;13347;903;3724;2742;2529;3112;7595;4613;2631
724;366;312;200;361;0;3;349;193;253;313;368;0;380;327
725;108;61;42;70;49;0;141;57;49;68;58;0;198;50
726;4105;961;1146;947;962;3;3749;1202;475;1173;1356;5;3153;989
727;112;0;0;1270;767;0;1945;0;1031;883;33;0;2335;349
728;460;297;246;161;190;3;335;181;190;150;0;0;384;190
729;1257;2283;2397;0;2878;11543;4254;931;2867;3153;0;6490;4113;1763
730;316;178;99;217;181;0;282;281;0;162;269;0;226;173
731;227;66;57;34;54;0;162;48;42;68;54;0;173;54
732;4039;1132;843;752;1057;0;858;1044;838;0;1032;2;3284;1098
733;229;1171;138;639;228;0;1582;1195;0;859;206;0;1574;412
734;540;188;130;192;438;6;0;224;169;153;311;4;474;136
735;4078;1644;1697;2847;2684;260;2941;2979;1446;2998;1198;4587;0;1412
736;259;270;252;0;97;7;462;224;200;227;74;0;346;249
737;0;65;56;77;0;0;189;47;41;0;47;0;187;67
738;2790;959;1056;1018;1275;6;3526;939;0;973;945;0;2536;1103
739;880;959;548;0;746;0;2427;0;530;482;445;0;0;319
740;494;78;201;131;311;0;512;5;182;152;234;1;451;329
741;6860;2527;3083;3092;2059;5009;2958;1279;2718;3006;1691;6722;3032;2541
742;209;176;298;147;0;7;440;207;267;331;175;5;413;226
743;182;58;59;51;62;0;177;61;55;63;57;0;143;54
744;3889;1132;910;1279;0;0;4482;1162;981;890;1232;0;3210;1052
745;1177;919;753;304;250;0;1987;1132;709;1442;437;0;688;376
746;417;231;155;147;210;2;535;324;0;85;165;4;449;275
747;4534;1822;3767;2241;2973;6554;4880;2980;2410;2708;3819;11355;2687;1877
748;0;416;105;171;282;0;501;291;201;183;278;3;0;0
749;126;54;57;88;52;0;130;0;0;63;66;0;217;60
750;2161;1180;1401;1123;1377;0;3253;1076;1096;1512;1014;0;2367;1017
751;1037;1534;553;299;456;0;0;1045;667;456;374;0;0;0
752;315;319;171;159;0;0;399;81;138;155;167;0;465;137
753;2629;1719;2998;2919;2445;6739;843;1083;3091;0;2907;0;3023;2617
754;580;225;344;198;215;6;312;111;0;367;0;0;629;164
755;170;62;0;46;48;0;176;55;51;0;55;0;164;56
756;0;1026;796;952;873;0;2415;987;0;1244;1231;0;2279;0
757;2558;651;379;1444;0;0;1019;220;794;1270;619;0;1915;528
758;513;247;232;168;281;0;498;227;154;138;162;1;520;277
759;4485;2735;2875;2463;1670;12658;0;3266;2672;2872;656;7286;5650;0
760;301;0;223;298;255;6;112;150;365;477;241;1;272;249
761;199;53;0;57;61;0;198;49;0;51;60;0;205;53
762;4222;0;1071;775;0;0;2225;986;1431;813;903;0;2948;1183
763;944;850;101;179;446;0;0;344;794;1114;198;0;1648;480
764;381;250;71;171;205;2;349;155;287;121;176;2;553;82
765;6005;1963;2732;2963;1269;9429;4325;2157;4160;2450;3568;9367;4554;2616
766;239;396;0;115;241;2;327;345;269;273;172;1;0;76
767;166;62;65;56;72;0;143;62;0;80;0;0;145;47
768;2592;1163;1350;1382;1032;2;2036;1081;0;1193;1232;8;0;0
769;708;1544;273;842;351;0;833;497;0;846;331;0;200;73
770;537;217;268;156;311;4;0;119;0;0;276;2;0;205
771;2267;1940;2895;2662;0;3924;4807;857;2563;2836;2672;6581;3071;0
772;427;0;115;242;212;8;293;0;190;73;186;4;0;283
773;204;59;0;61;52;0;162;0;52;62;60;0;224;66
774;2841;988;1319;906;1308;8;2912;983;846;1051;1151;8;2797;1011
775;1838;499;794;155;529;0;1014;758;396;34;544;0;1076;0
776;475;133;170;149;164;3;421;0;202;183;207;2;386;100
777;3357;1979;2858;2702;3453;1246;3145;3075;2865;2558;3041;4067;4564;2811
778;399;121;174;293;113;2;364;185;274;111;125;2;394;321
779;152;51;63;69;55;0;187;60;44;73;49;0;183;57
780;3528;1100;1111;932;1227;0;2238;994;1186;923;979;0;2839;1193
781;155;444;0;442;695;0;1252;480;532;461;0;0;0;721
782;504;153;229;0;0;1;540;0;147;172;292;4;410;97
783;4369;1872;2466;3264;3178;11088;4509;1942;3830;2292;0;5624;1775;2117
784;224;0;286;164;215;4;194;150;166;533;200;2;363;14
785;243;58;0;40;74;0;247;64;41;39;42;0;0;48
786;3775;1127;1462;970;1216;9;3744;1235;935;1234;948;12;3619;884
787;2521;673;846;1745;416;0;1589;253;639;562;604;0;829;1021
788;459;121;193;0;193;2;522;287;207;168;252;3;611;56
789;2781;2781;2804;2201;4511;0;1381;2361;3142;2745;1427;9937;2586;3081
790;319;336;134;306;159;0;445;193;154;343;248;0;263;349
791;0;51;51;62;69;0;227;44;0;57;57;0;215;0
792;1871;1095;975;961;1082;0;0;0;0;890;1378;0;2024;1092
793;2037;176;701;0;1016;0;905;1536;877;114;0;0;1550;510
794;542;156;0;199;299;0;0;211;194;150;388;0;0;173
795;0;1924;0;3094;396;9008;6141;1005;3446;2922;2526;2771;2251;2878
796;406;154;401;389;279;1;0;156;119;0;0;0;369;280
797;200;54;50;64;67;0;137;50;52;59;51;0;166;48
798;3768;1109;1047;1084;0;0;2999;1103;1356;799;0;0;3422;1171
799;210;0;0;753;1020;0;1855;448;0;0;629;0;2125;880
800;396;0;238;131;323;0;510;0;218;190;185;3;584;135
801;6340;2301;2432;2171;3287;4268;3535;3568;2118;2532;3459;4410;4424;3439
802;375;200;100;211;0;1;259;314;312;284;232;4;752;219
803;136;67;77;56;49;0;154;72;0;60;48;0;158;0
804;3666;1123;927;1353;1370;22;2548;1133;0;1249;1562;0;3868;847
805;1425;602;645;1715;531;0;0;0;286;711;433;0;0;0
806;0;274;91;168;114;2;612;268;125;144;352;4;497;207
807;3921;3091;0;2543;3234;10096;5919;0;3050;2761;0;6634;3731;2182
808;0;432;130;354;65;4;296;180;312;136;148;0;458;177
809;175;59;65;30;55;0;203;0;43;62;53;0;179;0
810;2714;969;630;1081;1335;0;2714;0;0;1059;1005;0;4211;1029
811;534;0;869;559;0;0;1413;722;390;681;454;0;681;432
812;0;265;168;158;142;0;413;215;271;159;160;1;431;164
813;2104;1157;2698;2530;2304;0;3130;1028;2998;3166;3764;4942;0;3177
814;0;190;0;0;329;3;418;182;239;262;216;0;558;204
815;177;51;64;80;46;0;174;41;62;72;46;0;165;49
816;4732;1088;784;1385;1291;8;0;0;1302;1071;788;5;2833;1214
817;0;1093;314;650;0;0;0;284;1439;929;258;0;3347;911
818;448;148;286;87;210;0;478;307;171;115;136;0;434;180
819;0;1457;1636;3080;2241;7097;3081;2030;2779;2885;1959;2292;4174;2533
820;141;201;252;0;174;2;509;211;271;163;187;0;309;0
821;200;54;72;66;61;0;116;0;64;60;46;0;217;52
822;3574;1046;994;1034;1403;5;1695;921;1175;1066;1577;8;4051;1183
823;838;212;478;1037;207;0;2120;808;560;462;641;0;560;0
824;563;266;202;119;239;3;284;92;254;164;380;0;451;56
825;3516;1323;2004;2643;4087;0;3865;1824;2445;2664;3988;9251;0;2509
826;372;0;66;253;0;0;370;81;304;218;167;1;215;160
827;174;69;51;77;56;0;175;64;58;76;63;0;176;61
828;4036;0;1127;1015;1042;9;3316;969;984;0;1052;4;3127;1108
829;0;463;427;394;518;0;629;1230;558;0;342;0;680;2
830;572;149;244;0;0;0;0;140;171;153;377;1;0;278
831;3907;1833;3302;0;1261;3719;4091;1838;3089;2420;1578;4037;0;1480
832;417;177;348;0;72;2;217;161;278;163;192;1;511;262
833;159;55;54;55;46;0;202;53;33;56;53;0;226;67
834;3180;969;1037;1424;1108;4;3342;0;1537;986;1202;6;3141;1182
835;1701;0;0;1369;539;0;1170;1614;616;56;74;0;183;550
836;390;207;258;177;344;2;425;130;0;138;185;0;498;268
837;4963;3078;2867;2548;3305;12664;2318;3383;1882;0;3326;903;6132;1621
838;279;316;410;390;238;3;83;283;222;141;171;1;309;211
839;170;62;75;58;60;0;184;63;60;55;69;0;218;62
840;3049;1076;1059;946;1261;0;3119;1115;685;724;1193;5;3336;1024
841;726;305;1130;1239;383;0;679;534;793;1025;433;0;1394;1366
842;424;100;0;150;414;0;392;192;156;0;315;0;459;213
843;5078;3235;3347;2312;2713;3068;4371;1504;2479;3024;2945;6353;3729;1205
844;311;0;0;420;212;4;84;294;290;101;0;3;145;0
845;176;52;75;87;43;0;0;50;54;82;37;0;124;48
846;0;1097;1165;1227;1104;2;2178;894;973;1017;1287;6;3139;1144
847;1091;0;909;1061;0;0;0;427;835;1110;433;0;510;829
848;596;135;0;147;100;0;482;275;192;159;220;0;440;72
849;4055;1617;3164;3013;3069;7861;4367;1077;2784;2541;4597;0;5907;2614
850;272;203;0;352;163;4;355;329;300;516;251;1;575;170
851;0;0;52;83;69;0;217;46;50;77;63;0;196;60
852;3319;0;1024;1271;1215;1;2401;973;1030;981;700;0;2363;1115
853;365;0;322;620;504;0;917;845;922;1568;484;0;1130;1150
854;543;293;237;148;272;0;304;313;124;165;349;0;559;242
855;1912;1720;3202;2810;5573;3855;2359;1650;1999;2583;1876;10253;2592;2066
856;414;256;189;159;287;0;61;358;246;301;234;0;516;142
857;209;64;45;65;61;0;187;54;39;73;50;0;213;0
858;3390;1021;1202;1043;848;0;2460;993;1021;971;1260;15;4033;1017
859;0;901;0;0;380;0;279;0;607;491;513;0;2364;661
860;406;243;149;134;310;3;637;250;0;120;117;3;420;204
861;6624;1172;2512;0;2165;5718;2836;3727;2660;2838;1947;4099;2063;1734
862;94;261;0;509;290;0;202;132;155;208;244;1;126;205
863;218;45;56;65;62;0;136;51;68;73;51;0;179;62
864;0;1069;968;896;1131;7;4398;1023;769;1155;1255;0;2669;1161
865;1952;760;644;1000;192;0;574;790;539;220;537;0;1371;236
866;514;405;241;137;441;1;445;201;116;117;165;6;402;206
867;5876;2192;0;0;1941;5550;817;2353;2708;2545;2886;2107;4789;2263
868;401;364;289;213;146;0;323;161;310;0;74;0;97;184
869;242;0;41;44;60;0;238;64;51;61;61;0;177;63
870;4397;1018;1129;1202;0;12;3203;1003;1084;1099;1223;2;3383;0
871;1492;0;515;0;961;0;1207;526;455;581;47;0;159;480
872;0;198;108;112;99;3;471;0;141;89;256;1;512;90
873;5347;2995;2922;2677;2804;4444;1779;0;3572;2327;1607;8623;4636;1646
874;262;0;380;0;187;0;274;213;177;1;346;1;0;172
875;174;0;63;82;68;0;151;63;51;0;51;0;159;63
876;2818;1082;880;0;1203;2;0;1024;1422;919;1383;0;0;1091
877;466;1141;627;1728;0;0;2667;1010;545;1559;0;0;1696;0
878;441;0;232;145;99;2;412;213;222;148;485;4;465;265
879;3000;2494;2204;2279;3307;3731;2690;2818;1222;2886;2661;2533;6911;1618
880;0;138;74;0;159;3;363;190;336;0;188;2;578;274
881;175;63;57;77;71;0;133;76;46;80;46;0;177;55
882;2863;1011;1214;1044;1007;0;4433;1175;1719;899;1469;0;0;1067
883;758;990;454;0;886;0;192;450;688;715;24;0;2355;0
884;393;73;121;165;186;3;477;199;179;171;220;6;510;336
885;4425;2027;0;2935;0;3712;0;1971;2317;3003;0;11722;4593;2472
886;359;328;159;52;95;0;324;147;0;217;178;1;282;164
887;154;62;66;72;59;0;213;56;66;50;47;0;274;61
888;3266;0;963;986;1187;3;4210;1100;1365;1162;1300;0;3454;1060
889;1339;0;696;660;364;0;1839;200;577;143;158;0;2872;439
890;489;161;0;157;344;4;0;8;107;216;289;1;516;0
891;6417;3281;2554;2429;2252;7829;4366;942;0;2670;2942;4984;4451;2417
892;459;290;0;144;174;9;477;194;298;368;214;5;625;0
893;185;50;55;60;55;0;220;0;88;56;46;0;0;51
894;3331;1122;0;0;1182;7;3385;1075;919;1014;849;9;3459;1090
895;1897;472;0;0;293;0;0;660;667;753;491;0;1073;990
896;506;245;144;152;11;0;354;250;0;176;0;4;279;139
897;5354;2148;3077;0;4731;10594;3840;2501;0;2675;0;2595;4957;1543
898;363;134;152;0;288;0;390;167;215;308;28;4;365;0
899;212;60;71;67;67;0;159;55;60;74;50;0;164;0
900;1244;836;0;0;1199;0;3295;0;1002;1174;1355;4;3778;1087
901;1388;540;637;754;632;0;546;0;257;751;0;0;0;682
902;530;306;214;140;0;0;516;256;237;140;279;3;509;149
903;6766;1747;3828;2590;2484;6464;4197;3004;3537;2929;3691;0;2236;1859
904;264;199;0;335;178;4;237;198;274;116;171;0;370;203
905;184;52;51;55;59;0;185;68;40;72;43;0;186;64
906;4595;1055;1336;1050;1135;0;4047;1170;842;1113;0;1;4324;939
907;856;607;577;826;743;0;2092;1194;484;619;476;0;0;0
908;427;218;109;128;339;0;500;166;225;140;164;2;278;326
909;3036;2676;3208;2990;2055;9497;4648;2618;2761;3022;4359;3879;2711;2296
910;0;274;239;0;0;0;0;205;344;197;0;0;613;20
911;138;58;29;63;58;0;161;50;62;71;0;0;200;0
912;2153;961;1097;1037;1167;2;3700;1081;1110;958;926;8;3852;1011
913;1083;1609;684;426;213;0;920;556;790;256;402;0;951;329
914;443;189;223;139;309;0;0;248;141;165;203;1;393;349
915;4743;2556;2695;3213;3951;1821;2702;2028;3224;2908;2818;14408;0;2004
916;416;131;102;254;297;2;362;0;250;185;275;0;444;0
917;191;57;57;61;69;0;217;0;54;64;68;0;189;60
918;2856;1079;0;720;895;0;1575;942;1143;820;1194;3;3265;1029
919;1535;719;427;2145;169;0;1774;0;275;1300;541;0;2133;731
920;420;205;143;196;282;0;488;189;227;192;115;0;512;205
921;1439;1177;2559;2889;2682;11606;4325;1106;3517;2448;2001;4260;4202;1287
922;306;111;189;366;248;5;264;261;333;272;127;1;115;191
923;211;53;48;77;57;0;194;0;60;64;0;0;193;60
924;0;1087;973;0;0;0;3244;1017;1146;846;1418;4;2800;993
925;1758;937;0;1501;600;0;486;355;777;0;546;0;2485;431
926;527;286;214;199;126;2;527;75;255;170;152;0;525;223
927;4810;1721;2936;3007;1323;7232;6684;2621;0;3322;3084;7456;0;3500
928;537;135;320;185;192;0;428;237;259;421;286;0;212;286
929;209;53;46;0;56;0;214;59;63;64;0;0;208;78
930;3327;1083;1321;888;928;21;3888;1014;1203;887;625;8;3609;823
931;795;0;411;865;502;0;2567;0;729;1212;317;0;573;275
932;451;310;185;140;305;3;483;101;177;137;0;0;482;83
933;4085;2624;3605;3075;4085;12553;5917;1419;2574;3139;2239;0;0;1968
934;525;279;163;291;0;9;450;248;369;132;79;0;468;216
935;0;0;53;61;56;0;0;55;58;50;57;0;185;63
936;1683;992;0;1166;938;5;2943;1113;738;0;1248;5;4246;980
937;268;1055;779;191;371;0;0;385;374;713;656;0;387;94
938;507;0;128;116;0;0;262;214;0;185;0;0;481;171
939;3174;1606;1980;3026;3883;5401;4598;2767;0;2963;1419;4695;2534;2000
940;575;185;239;475;168;3;378;217;0;0;200;0;167;0
941;202;68;52;0;53;0;173;66;69;51;66;0;195;63
942;4970;1318;0;591;1049;4;3280;972;1042;1044;768;12;2302;0
943;0;0;1055;772;704;0;454;0;287;814;262;0;253;950
944;463;0;288;0;217;2;420;208;205;135;422;3;360;352
945;2113;1660;2834;2537;3678;8399;4516;2134;0;2878;2326;3189;4014;1632
946;112;0;484;0;223;3;290;215;239;270;120;0;0;319
947;183;0;53;76;58;0;162;64;58;58;73;0;0;54
948;2581;1151;1061;949;1635;6;3514;1010;805;996;0;3;3541;0
949;0;834;779;0;765;0;483;1087;247;1541;401;0;2501;1103
950;417;327;0;131;375;0;374;246;0;166;310;4;462;164
951;6241;2490;2103;2696;0;4668;0;0;2466;2603;3703;4716;5278;2251
952;326;97;0;200;57;0;526;112;133;0;19;0;529;168
953;177;66;61;62;45;0;185;58;0;59;45;0;216;66
954;2056;1149;0;1074;1292;8;2564;995;1263;937;920;0;3461;1080
955;22;932;50;526;901;0;1127;440;689;1030;720;0;962;346
956;566;131;109;146;215;2;375;0;228;181;198;4;451;212
957;0;1799;2938;2554;2766;8929;2147;0;2044;2367;1234;13792;6823;3030
958;204;231;328;98;282;5;273;176;0;0;0;0;0;0
959;238;50;68;56;59;0;144;51;64;82;0;0;182;67
960;4944;0;1108;1325;1375;6;2014;1037;1588;0;0;11;3490;1058
961;322;117;594;479;1205;0;257;1176;336;828;805;0;0;394
962;518;0;0;125;260;4;528;0;63;151;274;0;527;222
963;3025;1892;2410;2809;3533;11776;1771;3189;3676;2510;0;6717;0;0
964;528;236;337;337;283;6;337;267;314;270;38;2;443;231
965;128;66;0;59;56;0;151;55;59;76;62;0;148;65
966;3342;982;1250;1362;1213;2;3068;1064;960;895;1124;0;3387;1107
967;0;560;714;452;0;0;516;434;552;1004;0;0;1330;531
968;441;196;164;179;252;3;522;171;192;140;316;0;486;228
969;3203;2762;2891;2294;3312;1256;2499;1972;1869;0;2798;7527;3287;2055
970;519;0;141;329;134;6;226;211;186;98;0;0;0;0
971;206;0;55;69;56;0;144;70;0;69;67;0;184;59
972;2448;1011;0;650;1062;0;0;945;665;790;897;1;3390;1264
973;2224;0;834;847;555;0;0;1253;621;784;517;0;129;814
974;495;261;163;188;227;4;448;183;217;129;227;3;558;54
975;0;3262;2375;2306;1615;5332;1567;2270;3333;2192;3817;5775;1232;2879
976;343;0;0;11;241;0;486;162;202;125;199;3;282;221
977;153;59;76;59;39;0;177;45;68;62;55;0;0;65
978;2724;1062;677;923;1079;11;3345;1081;0;1110;1224;0;3467;1000
979;606;68;445;305;665;0;455;1204;217;0;103;0;1280;312
980;456;222;190;184;60;4;495;95;176;159;138;0;580;283
981;907;2519;0;2874;1852;7612;0;2708;3366;3127;3467;3125;3051;2136
982;187;91;0;137;116;0;368;96;165;151;97;1;423;187
983;173;49;35;0;43;0;209;70;44;71;0;0;168;64
984;1497;1177;1316;1099;0;0;0;0;528;752;738;0;3524;1093
985;1514;1107;762;584;1002;0;1284;105;836;0;42;0;1707;0
986;518;117;117;126;458;0;439;175;189;181;267;0;399;117
987;0;2891;0;2276;3232;4232;6737;1892;0;2860;2667;8745;2172;1713
988;317;259;99;0;221;2;164;284;342;164;218;5;0;0
989;0;67;43;46;58;0;155;58;35;69;64;0;199;69
990;2490;975;0;1177;953;0;4766;1094;1236;1238;1154;1;3824;1241
991;70;1073;782;891;366;0;916;93;535;1959;870;0;1647;1418
992;559;233;201;130;141;0;0;209;135;177;0;1;352;290
993;4994;1536;3611;3030;1847;8511;4366;3292;3655;2811;2409;8587;4287;1665
994;21;212;282;61;295;0;557;285;0;357;206;0;242;296
995;195;57;64;73;45;0;196;63;53;59;51;0;142;73
996;4236;997;855;0;1239;5;1685;1271;702;1254;1336;7;3301;1104
997;846;717;724;258;305;0;0;247;763;0;440;0;2627;1216
998;539;51;92;175;328;0;508;0;0;163;16;0;353;115
999;3916;1680;1033;2378;1855;4374;2386;1876;2192;3049;1912;8019;5879;1557
